{
  "lengths": [
    256,
    512,
    768,
    1024
  ],
  "win": 48,
  "fracs": [
    0.25,
    0.42
  ],
  "runs": [
    {
      "model": "Qwen/Qwen2.5-0.5B-Instruct",
      "L": 24,
      "win": 48,
      "Ks": [
        6,
        10
      ],
      "rows": [
        {
          "T": 256,
          "full": 21.80930002304199,
          "K": {
            "6": {
              "echo": 22.34536420055164,
              "random": 22.235101629999445,
              "echo_gap": 0.5360641775096511,
              "random_gap": 0.4258016069574566,
              "kv_saving": 0.203125
            },
            "10": {
              "echo": 22.711296149130405,
              "random": 23.383630298192003,
              "echo_gap": 0.9019961260884166,
              "random_gap": 1.5743302751500146,
              "kv_saving": 0.3385416666666667
            }
          }
        },
        {
          "T": 512,
          "full": 21.1136255340452,
          "K": {
            "6": {
              "echo": 21.989204200581074,
              "random": 21.71479592648792,
              "echo_gap": 0.8755786665358727,
              "random_gap": 0.6011703924427181,
              "kv_saving": 0.2265625
            },
            "10": {
              "echo": 22.835817824554503,
              "random": 23.49056063139958,
              "echo_gap": 1.7221922905093017,
              "random_gap": 2.3769350973543766,
              "kv_saving": 0.3776041666666667
            }
          }
        },
        {
          "T": 768,
          "full": 21.856935027307582,
          "K": {
            "6": {
              "echo": 22.835443292549797,
              "random": 22.548930562653965,
              "echo_gap": 0.9785082652422155,
              "random_gap": 0.6919955353463827,
              "kv_saving": 0.234375
            },
            "10": {
              "echo": 23.977194320561193,
              "random": 24.821095424702182,
              "echo_gap": 2.1202592932536106,
              "random_gap": 2.9641603973946005,
              "kv_saving": 0.390625
            }
          }
        },
        {
          "T": 1024,
          "full": 18.980637243189953,
          "K": {
            "6": {
              "echo": 20.09544971803599,
              "random": 19.80527766018196,
              "echo_gap": 1.1148124748460368,
              "random_gap": 0.8246404169920076,
              "kv_saving": 0.23828125
            },
            "10": {
              "echo": 21.34809414305161,
              "random": 22.312443730474058,
              "echo_gap": 2.367456899861658,
              "random_gap": 3.331806487284105,
              "kv_saving": 0.3971354166666667
            }
          }
        }
      ]
    },
    {
      "model": "gpt2",
      "L": 12,
      "win": 48,
      "Ks": [
        3,
        5
      ],
      "rows": [
        {
          "T": 256,
          "full": 45.445206134752276,
          "K": {
            "3": {
              "echo": 46.42720990014597,
              "random": 46.73370736095515,
              "echo_gap": 0.9820037653936922,
              "random_gap": 1.2885012262028752,
              "kv_saving": 0.203125
            },
            "5": {
              "echo": 46.74043417343993,
              "random": 51.91770792433726,
              "echo_gap": 1.2952280386876538,
              "random_gap": 6.472501789584982,
              "kv_saving": 0.3385416666666667
            }
          }
        },
        {
          "T": 512,
          "full": 41.66185307680743,
          "K": {
            "3": {
              "echo": 43.10692841696885,
              "random": 43.691943791638856,
              "echo_gap": 1.4450753401614165,
              "random_gap": 2.030090714831424,
              "kv_saving": 0.2265625
            },
            "5": {
              "echo": 44.61900003746046,
              "random": 56.41534582868772,
              "echo_gap": 2.957146960653027,
              "random_gap": 14.753492751880287,
              "kv_saving": 0.3776041666666667
            }
          }
        },
        {
          "T": 768,
          "full": 37.422495764172396,
          "K": {
            "3": {
              "echo": 39.28444583796802,
              "random": 40.3770187272118,
              "echo_gap": 1.8619500737956258,
              "random_gap": 2.954522963039402,
              "kv_saving": 0.234375
            },
            "5": {
              "echo": 41.60342826604765,
              "random": 84.84830967013588,
              "echo_gap": 4.180932501875255,
              "random_gap": 47.42581390596348,
              "kv_saving": 0.390625
            }
          }
        },
        {
          "T": 1024,
          "full": 41.511839367094,
          "K": {
            "3": {
              "echo": 43.59985193874553,
              "random": 45.10324097477572,
              "echo_gap": 2.0880125716515323,
              "random_gap": 3.591401607681725,
              "kv_saving": 0.23828125
            },
            "5": {
              "echo": 46.66148102825459,
              "random": 108.91547625419123,
              "echo_gap": 5.149641661160594,
              "random_gap": 67.40363688709724,
              "kv_saving": 0.3971354166666667
            }
          }
        }
      ]
    }
  ],
  "_source": "experiments/results/x11_locality_scaling.json (logged local 4GB run)"
}